"Año","Tipo de delito","total","Población total","tasa"
2015,"Aborto",24,2931124,0.008187985223416
2015,"Abuso de confianza",535,2931124,0.182523837271982
2015,"Abuso sexual",158,2931124,0.0539042360541553
2015,"Acoso sexual",118,2931124,0.0402575940151287
2015,"Allanamiento de morada",295,2931124,0.100643985037822
2015,"Amenazas",1928,2931124,0.657768146281085
2015,"Contra el medio ambiente",5,2931124,0.00170583025487833
2015,"Corrupción de menores",19,2931124,0.00648215496853767
2015,"Daño a la propiedad",1782,2931124,0.607957902838638
2015,"Delitos cometidos por servidores públicos",2,2931124,0.000682332101951333
2015,"Despojo",640,2931124,0.218346272624427
2015,"Electorales",0,2931124,0
2015,"Evasión de presos",0,2931124,0
2015,"Extorsión",42,2931124,0.014328974140978
2015,"Falsedad",75,2931124,0.025587453823175
2015,"Falsificación",98,2931124,0.0334342729956153
2015,"Feminicidio",0,2931124,0
2015,"Fraude",898,2931124,0.306367113776149
2015,"Homicidio",651,2931124,0.222099099185159
2015,"Hostigamiento sexual",6,2931124,0.002046996305854
2015,"Incesto",1,2931124,0.000341166050975667
2015,"Incumplimiento de obligaciones de asistencia familiar",633,2931124,0.215958110267597
2015,"Lesiones",3693,2931124,1.25992622625314
2015,"Narcomenudeo",111,2931124,0.037869431658299
2015,"Otros delitos contra el patrimonio",7,2931124,0.00238816235682967
2015,"Otros delitos contra la familia",0,2931124,0
2015,"Otros delitos contra la sociedad",0,2931124,0
2015,"Otros delitos del Fuero Común",2281,2931124,0.778199762275496
2015,"Otros delitos que atentan contra la libertad personal",798,2931124,0.272250508678582
2015,"Otros delitos que atentan contra la libertad y la seguridad sexual",81,2931124,0.027634450129029
2015,"Otros delitos que atentan contra la vida y la integridad corporal",92,2931124,0.0313872766897613
2015,"Rapto",1,2931124,0.000341166050975667
2015,"Robo",9866,2931124,3.36594425892593
2015,"Secuestro",19,2931124,0.00648215496853767
2015,"Trata de personas",2,2931124,0.000682332101951333
2015,"Tráfico de menores",1,2931124,0.000341166050975667
2015,"Violación",348,2931124,0.118725785739532
2015,"Violencia de género en todas sus modalidades distinta a la violencia familiar",0,2931124,0
2015,"Violencia familiar",2294,2931124,0.782634920938179
2016,"Aborto",7,2971554,0.00235566979432311
2016,"Abuso de confianza",656,2971554,0.220759912153708
2016,"Abuso sexual",334,2971554,0.112399101614845
2016,"Acoso sexual",7,2971554,0.00235566979432311
2016,"Allanamiento de morada",257,2971554,0.0864867338772911
2016,"Amenazas",2486,2971554,0.836599301241034
2016,"Contra el medio ambiente",0,2971554,0
2016,"Corrupción de menores",19,2971554,0.00639396087030557
2016,"Daño a la propiedad",2892,2971554,0.973228149311774
2016,"Delitos cometidos por servidores públicos",1,2971554,0.000336524256331872
2016,"Despojo",714,2971554,0.240278319020957
2016,"Electorales",9,2971554,0.00302871830698685
2016,"Evasión de presos",1,2971554,0.000336524256331872
2016,"Extorsión",80,2971554,0.0269219405065498
2016,"Falsedad",117,2971554,0.039373337990829
2016,"Falsificación",132,2971554,0.0444212018358071
2016,"Feminicidio",22,2971554,0.00740353363930119
2016,"Fraude",1207,2971554,0.40618477739257
2016,"Homicidio",653,2971554,0.219750339384713
2016,"Hostigamiento sexual",52,2971554,0.0174992613292574
2016,"Incesto",24,2971554,0.00807658215196493
2016,"Incumplimiento de obligaciones de asistencia familiar",731,2971554,0.245999231378599
2016,"Lesiones",4337,2971554,1.45950569971133
2016,"Narcomenudeo",187,2971554,0.0629300359340601
2016,"Otros delitos contra el patrimonio",0,2971554,0
2016,"Otros delitos contra la familia",1,2971554,0.000336524256331872
2016,"Otros delitos contra la sociedad",0,2971554,0
2016,"Otros delitos del Fuero Común",2150,2971554,0.723527151113525
2016,"Otros delitos que atentan contra la libertad personal",1379,2971554,0.464066949481652
2016,"Otros delitos que atentan contra la libertad y la seguridad sexual",53,2971554,0.0178357855855892
2016,"Otros delitos que atentan contra la vida y la integridad corporal",292,2971554,0.0982650828489067
2016,"Rapto",1,2971554,0.000336524256331872
2016,"Robo",11403,2971554,3.83738609495234
2016,"Secuestro",14,2971554,0.00471133958864621
2016,"Trata de personas",8,2971554,0.00269219405065498
2016,"Tráfico de menores",0,2971554,0
2016,"Violación",450,2971554,0.151435915349342
2016,"Violencia de género en todas sus modalidades distinta a la violencia familiar",0,2971554,0
2016,"Violencia familiar",3078,2971554,1.0358216609895
2017,"Aborto",11,3012171,0.00365185110672668
2017,"Abuso de confianza",959,3012171,0.318375019213717
2017,"Abuso sexual",442,3012171,0.146738017197563
2017,"Acoso sexual",7,3012171,0.00232390524973516
2017,"Allanamiento de morada",309,3012171,0.102583817452595
2017,"Amenazas",3452,3012171,1.14601727458368
2017,"Contra el medio ambiente",0,3012171,0
2017,"Corrupción de menores",23,3012171,0.00763568867770123
2017,"Daño a la propiedad",3391,3012171,1.12576610026456
2017,"Delitos cometidos por servidores públicos",251,3012171,0.0833286025262178
2017,"Despojo",1099,3012171,0.36485312420842
2017,"Electorales",0,3012171,0
2017,"Evasión de presos",3,3012171,0.000995959392743639
2017,"Extorsión",133,3012171,0.044154199744968
2017,"Falsedad",133,3012171,0.044154199744968
2017,"Falsificación",293,3012171,0.0972720340246288
2017,"Feminicidio",22,3012171,0.00730370221345335
2017,"Fraude",1766,3012171,0.586288095861756
2017,"Homicidio",700,3012171,0.232390524973516
2017,"Hostigamiento sexual",20,3012171,0.00663972928495759
2017,"Incesto",19,3012171,0.00630774282070971
2017,"Incumplimiento de obligaciones de asistencia familiar",886,3012171,0.294140007323621
2017,"Lesiones",6184,3012171,2.05300429490889
2017,"Narcomenudeo",256,3012171,0.0849885348474572
2017,"Otros delitos contra el patrimonio",49,3012171,0.0162673367481461
2017,"Otros delitos contra la familia",1,3012171,0.00033198646424788
2017,"Otros delitos contra la sociedad",2,3012171,0.000663972928495759
2017,"Otros delitos del Fuero Común",2150,3012171,0.713770898132941
2017,"Otros delitos que atentan contra la libertad personal",1793,3012171,0.595251730396448
2017,"Otros delitos que atentan contra la libertad y la seguridad sexual",46,3012171,0.0152713773554025
2017,"Otros delitos que atentan contra la vida y la integridad corporal",159,3012171,0.0527858478154129
2017,"Rapto",3,3012171,0.000995959392743639
2017,"Robo",14400,3012171,4.78060508516947
2017,"Secuestro",21,3012171,0.00697171574920547
2017,"Trata de personas",3,3012171,0.000995959392743639
2017,"Tráfico de menores",0,3012171,0
2017,"Violación",560,3012171,0.185912419978813
2017,"Violencia de género en todas sus modalidades distinta a la violencia familiar",0,3012171,0
2017,"Violencia familiar",4417,3012171,1.46638421258288
2018,"Aborto",18,3053548,0.00589478206990688
2018,"Abuso de confianza",1244,3053548,0.40739493860912
2018,"Abuso sexual",514,3053548,0.168328776885119
2018,"Acoso sexual",13,3053548,0.00425734260604385
2018,"Allanamiento de morada",337,3053548,0.110363419864368
2018,"Amenazas",4087,3053548,1.33844301776163
2018,"Contra el medio ambiente",5,3053548,0.00163743946386302
2018,"Corrupción de menores",36,3053548,0.0117895641398138
2018,"Daño a la propiedad",3744,3053548,1.22611467054063
2018,"Delitos cometidos por servidores públicos",466,3053548,0.152609358032034
2018,"Despojo",1175,3053548,0.38479827400781
2018,"Electorales",39,3053548,0.0127720278181316
2018,"Evasión de presos",2,3053548,0.000654975785545208
2018,"Extorsión",142,3053548,0.0465032807737098
2018,"Falsedad",141,3053548,0.0461757928809372
2018,"Falsificación",307,3053548,0.100538783081189
2018,"Feminicidio",20,3053548,0.00654975785545208
2018,"Fraude",1886,3053548,0.617642165769132
2018,"Homicidio",733,3053548,0.240048625402319
2018,"Hostigamiento sexual",41,3053548,0.0134270036036768
2018,"Incesto",0,3053548,0
2018,"Incumplimiento de obligaciones de asistencia familiar",884,3053548,0.289499297210982
2018,"Lesiones",7138,3053548,2.33760857861085
2018,"Narcomenudeo",270,3053548,0.0884217310486031
2018,"Otros delitos contra el patrimonio",189,3053548,0.0618952117340222
2018,"Otros delitos contra la familia",3,3053548,0.000982463678317813
2018,"Otros delitos contra la sociedad",29,3053548,0.00949714889040552
2018,"Otros delitos del Fuero Común",5115,3053548,1.67510057153187
2018,"Otros delitos que atentan contra la libertad personal",1941,3053548,0.635653999871625
2018,"Otros delitos que atentan contra la libertad y la seguridad sexual",86,3053548,0.028163958778444
2018,"Otros delitos que atentan contra la vida y la integridad corporal",243,3053548,0.0795795579437428
2018,"Rapto",3,3053548,0.000982463678317813
2018,"Robo",14641,3053548,4.7947502380837
2018,"Secuestro",21,3053548,0.00687724574822469
2018,"Trata de personas",13,3053548,0.00425734260604385
2018,"Tráfico de menores",1,3053548,0.000327487892772604
2018,"Violación",612,3053548,0.200422590376834
2018,"Violencia de género en todas sus modalidades distinta a la violencia familiar",0,3053548,0
2018,"Violencia familiar",5083,3053548,1.66462095896315
2019,"Aborto",15,3095127,0.00484632779204214
2019,"Abuso de confianza",767,3095127,0.247808894433088
2019,"Abuso sexual",703,3095127,0.227131229187041
2019,"Acoso sexual",4,3095127,0.0012923540778779
2019,"Allanamiento de morada",408,3095127,0.131820115943546
2019,"Amenazas",3713,3095127,1.19962767279016
2019,"Contra el medio ambiente",8,3095127,0.00258470815575581
2019,"Corrupción de menores",33,3095127,0.0106619211424927
2019,"Daño a la propiedad",3299,3095127,1.0658690257298
2019,"Delitos cometidos por servidores públicos",817,3095127,0.263963320406562
2019,"Despojo",1104,3095127,0.356689725494301
2019,"Electorales",8,3095127,0.00258470815575581
2019,"Evasión de presos",5,3095127,0.00161544259734738
2019,"Extorsión",210,3095127,0.0678485890885899
2019,"Falsedad",118,3095127,0.0381244452973981
2019,"Falsificación",253,3095127,0.0817413954257774
2019,"Feminicidio",20,3095127,0.00646177038938951
2019,"Fraude",1615,3095127,0.521787958943203
2019,"Homicidio",646,3095127,0.208715183577281
2019,"Hostigamiento sexual",56,3095127,0.0180929570902906
2019,"Incesto",1,3095127,0.000323088519469476
2019,"Incumplimiento de obligaciones de asistencia familiar",914,3095127,0.295302906795101
2019,"Lesiones",6214,3095127,2.00767205998332
2019,"Narcomenudeo",422,3095127,0.136343355216119
2019,"Otros delitos contra el patrimonio",210,3095127,0.0678485890885899
2019,"Otros delitos contra la familia",11,3095127,0.00355397371416423
2019,"Otros delitos contra la sociedad",0,3095127,0
2019,"Otros delitos del Fuero Común",4746,3095127,1.53337811340213
2019,"Otros delitos que atentan contra la libertad personal",1762,3095127,0.569281971305216
2019,"Otros delitos que atentan contra la libertad y la seguridad sexual",80,3095127,0.0258470815575581
2019,"Otros delitos que atentan contra la vida y la integridad corporal",340,3095127,0.109850096619622
2019,"Rapto",6,3095127,0.00193853111681685
2019,"Robo",14873,3095127,4.80529555006951
2019,"Secuestro",30,3095127,0.00969265558408427
2019,"Trata de personas",14,3095127,0.00452323927257266
2019,"Tráfico de menores",1,3095127,0.000323088519469476
2019,"Violación",705,3095127,0.22777740622598
2019,"Violencia de género en todas sus modalidades distinta a la violencia familiar",0,3095127,0
2019,"Violencia familiar",5619,3095127,1.81543439089898
2020,"Aborto",23,3130166,0.00734785311705513
2020,"Abuso de confianza",450,3130166,0.143762343594557
2020,"Abuso sexual",706,3130166,0.225547143506127
2020,"Acoso sexual",0,3130166,0
2020,"Allanamiento de morada",250,3130166,0.0798679686636428
2020,"Amenazas",2711,3130166,0.866088252188542
2020,"Contra el medio ambiente",1,3130166,0.000319471874654571
2020,"Corrupción de menores",29,3130166,0.00926468436498256
2020,"Daño a la propiedad",2243,3130166,0.716575414850203
2020,"Delitos cometidos por servidores públicos",444,3130166,0.14184551234663
2020,"Despojo",778,3130166,0.248549118481256
2020,"Electorales",307,3130166,0.0980778655189533
2020,"Evasión de presos",5,3130166,0.00159735937327286
2020,"Extorsión",133,3130166,0.0424897593290579
2020,"Falsedad",65,3130166,0.0207656718525471
2020,"Falsificación",164,3130166,0.0523933874433496
2020,"Feminicidio",19,3130166,0.00606996561843685
2020,"Fraude",1163,3130166,0.371545790223266
2020,"Homicidio",539,3130166,0.172195340438814
2020,"Hostigamiento sexual",56,3130166,0.017890424980656
2020,"Incesto",0,3130166,0
2020,"Incumplimiento de obligaciones de asistencia familiar",607,3130166,0.193919427915325
2020,"Lesiones",5592,3130166,1.78648672306836
2020,"Narcomenudeo",363,3130166,0.115968290499609
2020,"Otros delitos contra el patrimonio",146,3130166,0.0466428936995674
2020,"Otros delitos contra la familia",5,3130166,0.00159735937327286
2020,"Otros delitos contra la sociedad",13,3130166,0.00415313437050942
2020,"Otros delitos del Fuero Común",4299,3130166,1.37340958914
2020,"Otros delitos que atentan contra la libertad personal",1753,3130166,0.560034196269463
2020,"Otros delitos que atentan contra la libertad y la seguridad sexual",42,3130166,0.013417818735492
2020,"Otros delitos que atentan contra la vida y la integridad corporal",301,3130166,0.0961610342710259
2020,"Rapto",5,3130166,0.00159735937327286
2020,"Robo",11588,3130166,3.70204008349717
2020,"Secuestro",22,3130166,0.00702838124240056
2020,"Trata de personas",9,3130166,0.00287524687189114
2020,"Tráfico de menores",1,3130166,0.000319471874654571
2020,"Violación",704,3130166,0.224908199756818
2020,"Violencia de género en todas sus modalidades distinta a la violencia familiar",0,3130166,0
2020,"Violencia familiar",5724,3130166,1.82865701052276
2021,"Aborto",19,3157947,0.00601656709248129
2021,"Abuso de confianza",445,3157947,0.14091433453443
2021,"Abuso sexual",655,3157947,0.207413233977644
2021,"Acoso sexual",0,3157947,0
2021,"Allanamiento de morada",286,3157947,0.0905651678131394
2021,"Amenazas",2301,3157947,0.728637941042076
2021,"Contra el medio ambiente",0,3157947,0
2021,"Corrupción de menores",25,3157947,0.00791653564800169
2021,"Daño a la propiedad",2281,3157947,0.722304712523674
2021,"Delitos cometidos por servidores públicos",410,3157947,0.129831184627228
2021,"Despojo",839,3157947,0.265678936346937
2021,"Electorales",73,3157947,0.0231162840921649
2021,"Evasión de presos",4,3157947,0.00126664570368027
2021,"Extorsión",108,3157947,0.0341994339993673
2021,"Falsedad",87,3157947,0.0275495440550459
2021,"Falsificación",193,3157947,0.0611156552025731
2021,"Feminicidio",21,3157947,0.00664988994432142
2021,"Fraude",1402,3157947,0.443959319139935
2021,"Homicidio",530,3157947,0.167830555737636
2021,"Hostigamiento sexual",81,3157947,0.0256495754995255
2021,"Incesto",0,3157947,0
2021,"Incumplimiento de obligaciones de asistencia familiar",788,3157947,0.249529203625013
2021,"Lesiones",5446,3157947,1.72453812556069
2021,"Narcomenudeo",786,3157947,0.248895880773173
2021,"Otros delitos contra el patrimonio",151,3157947,0.0478158753139302
2021,"Otros delitos contra la familia",7,3157947,0.00221662998144047
2021,"Otros delitos contra la sociedad",22,3157947,0.00696655137024149
2021,"Otros delitos del Fuero Común",10109,3157947,3.20113035462596
2021,"Otros delitos que atentan contra la libertad personal",1632,3157947,0.51679144710155
2021,"Otros delitos que atentan contra la libertad y la seguridad sexual",159,3157947,0.0503491667212908
2021,"Otros delitos que atentan contra la vida y la integridad corporal",158,3157947,0.0500325052953707
2021,"Rapto",1,3157947,0.000316661425920068
2021,"Robo",10774,3157947,3.41171020286281
2021,"Secuestro",28,3157947,0.0088665199257619
2021,"Trata de personas",10,3157947,0.00316661425920068
2021,"Tráfico de menores",2,3157947,0.000633322851840135
2021,"Violación",761,3157947,0.240979345125172
2021,"Violencia de género en todas sus modalidades distinta a la violencia familiar",0,3157947,0
2021,"Violencia familiar",5870,3157947,1.8588025701508
2022,"Aborto",18,3190331,0.00564204780005586
2022,"Abuso de confianza",466,3190331,0.146066348601446
2022,"Abuso sexual",673,3190331,0.210949898302088
2022,"Acoso sexual",1,3190331,0.000313447100003103
2022,"Allanamiento de morada",271,3190331,0.0849441641008409
2022,"Amenazas",3034,3190331,0.950998501409415
2022,"Contra el medio ambiente",0,3190331,0
2022,"Corrupción de menores",42,3190331,0.0131647782001303
2022,"Daño a la propiedad",2679,3190331,0.839724780908313
2022,"Delitos cometidos por servidores públicos",541,3190331,0.169574881101679
2022,"Despojo",923,3190331,0.289311673302864
2022,"Electorales",131,3190331,0.0410615701004065
2022,"Evasión de presos",1,3190331,0.000313447100003103
2022,"Extorsión",232,3190331,0.0727197272007199
2022,"Falsedad",145,3190331,0.04544982950045
2022,"Falsificación",215,3190331,0.0673911265006672
2022,"Feminicidio",19,3190331,0.00595549490005896
2022,"Fraude",1363,3190331,0.42722839730423
2022,"Homicidio",545,3190331,0.170828669501691
2022,"Hostigamiento sexual",108,3190331,0.0338522868003351
2022,"Incesto",0,3190331,0
2022,"Incumplimiento de obligaciones de asistencia familiar",909,3190331,0.284923413902821
2022,"Lesiones",6207,3190331,1.94556614971926
2022,"Narcomenudeo",485,3190331,0.152021843501505
2022,"Otros delitos contra el patrimonio",184,3190331,0.057674266400571
2022,"Otros delitos contra la familia",2,3190331,0.000626894200006206
2022,"Otros delitos contra la sociedad",13,3190331,0.00407481230004034
2022,"Otros delitos del Fuero Común",10438,3190331,3.27176082983239
2022,"Otros delitos que atentan contra la libertad personal",1805,3190331,0.565772015505601
2022,"Otros delitos que atentan contra la libertad y la seguridad sexual",336,3190331,0.105318225601043
2022,"Otros delitos que atentan contra la vida y la integridad corporal",185,3190331,0.0579877135005741
2022,"Rapto",1,3190331,0.000313447100003103
2022,"Robo",12607,3190331,3.95162758973912
2022,"Secuestro",15,3190331,0.00470170650004655
2022,"Trata de personas",13,3190331,0.00407481230004034
2022,"Tráfico de menores",0,3190331,0
2022,"Violación",1052,3190331,0.329746349203265
2022,"Violencia de género en todas sus modalidades distinta a la violencia familiar",0,3190331,0
2022,"Violencia familiar",6929,3190331,2.1718749559215
2023,"Aborto",12,3227801,0.00371770130810419
2023,"Abuso de confianza",417,3227801,0.12919012045662
2023,"Abuso sexual",756,3227801,0.234215182410564
2023,"Acoso sexual",4,3227801,0.00123923376936806
2023,"Allanamiento de morada",278,3227801,0.0861267469710803
2023,"Amenazas",3309,3227801,1.02515613570973
2023,"Contra el medio ambiente",7,3227801,0.00216865909639411
2023,"Corrupción de menores",61,3227801,0.0188983149828629
2023,"Daño a la propiedad",2749,3227801,0.851663407998201
2023,"Delitos cometidos por servidores públicos",507,3227801,0.157072880267402
2023,"Despojo",838,3227801,0.259619474682609
2023,"Electorales",37,3227801,0.0114629123666546
2023,"Evasión de presos",4,3227801,0.00123923376936806
2023,"Extorsión",365,3227801,0.113080081454836
2023,"Falsedad",161,3227801,0.0498791592170645
2023,"Falsificación",259,3227801,0.080240386566582
2023,"Feminicidio",20,3227801,0.00619616884684031
2023,"Fraude",2003,3227801,0.620546310011057
2023,"Homicidio",379,3227801,0.117417399647624
2023,"Hostigamiento sexual",211,3227801,0.0653695813341653
2023,"Incesto",0,3227801,0
2023,"Incumplimiento de obligaciones de asistencia familiar",861,3227801,0.266745068856475
2023,"Lesiones",6237,3227801,1.93227525488715
2023,"Narcomenudeo",580,3227801,0.179688896558369
2023,"Otros delitos contra el patrimonio",513,3227801,0.158931730921454
2023,"Otros delitos contra la familia",3,3227801,0.000929425327026047
2023,"Otros delitos contra la sociedad",23,3227801,0.00712559417386636
2023,"Otros delitos del Fuero Común",13179,3227801,4.08296546162542
2023,"Otros delitos que atentan contra la libertad personal",1839,3227801,0.569737725466967
2023,"Otros delitos que atentan contra la libertad y la seguridad sexual",369,3227801,0.114319315224204
2023,"Otros delitos que atentan contra la vida y la integridad corporal",198,3227801,0.0613420715837191
2023,"Rapto",1,3227801,0.000309808442342016
2023,"Robo",12455,3227801,3.8586641493698
2023,"Secuestro",15,3227801,0.00464712663513023
2023,"Trata de personas",14,3227801,0.00433731819278822
2023,"Tráfico de menores",0,3227801,0
2023,"Violación",1024,3227801,0.317243844958224
2023,"Violencia de género en todas sus modalidades distinta a la violencia familiar",2,3227801,0.000619616884684031
2023,"Violencia familiar",7535,3227801,2.33440661304709
2024,"Aborto",9,3264395,0.00275701929454003
2024,"Abuso de confianza",298,3264395,0.0912879721969921
2024,"Abuso sexual",672,3264395,0.205857440658989
2024,"Acoso sexual",2,3264395,0.000612670954342229
2024,"Allanamiento de morada",240,3264395,0.0735205145210675
2024,"Amenazas",3218,3264395,0.985787565536646
2024,"Contra el medio ambiente",12,3264395,0.00367602572605337
2024,"Corrupción de menores",70,3264395,0.021443483401978
2024,"Daño a la propiedad",2660,3264395,0.814852369275164
2024,"Delitos cometidos por servidores públicos",527,3264395,0.161438796469177
2024,"Despojo",696,3264395,0.213209492111096
2024,"Electorales",198,3264395,0.0606544244798807
2024,"Evasión de presos",1,3264395,0.000306335477171114
2024,"Extorsión",311,3264395,0.0952703334002166
2024,"Falsedad",146,3264395,0.0447249796669827
2024,"Falsificación",178,3264395,0.0545277149364584
2024,"Feminicidio",20,3264395,0.00612670954342229
2024,"Fraude",1416,3264395,0.433771035674298
2024,"Homicidio",428,3264395,0.131111584229237
2024,"Hostigamiento sexual",175,3264395,0.053608708504945
2024,"Incesto",0,3264395,0
2024,"Incumplimiento de obligaciones de asistencia familiar",762,3264395,0.233427633604389
2024,"Lesiones",5346,3264395,1.63766946095678
2024,"Narcomenudeo",635,3264395,0.194523028003658
2024,"Otros delitos contra el patrimonio",417,3264395,0.127741893980355
2024,"Otros delitos contra la familia",3,3264395,0.000919006431513343
2024,"Otros delitos contra la sociedad",14,3264395,0.0042886966803956
2024,"Otros delitos del Fuero Común",14771,3264395,4.52488133329453
2024,"Otros delitos que atentan contra la libertad personal",1724,3264395,0.528122362643001
2024,"Otros delitos que atentan contra la libertad y la seguridad sexual",330,3264395,0.101090707466468
2024,"Otros delitos que atentan contra la vida y la integridad corporal",155,3264395,0.0474819989615227
2024,"Rapto",1,3264395,0.000306335477171114
2024,"Robo",11349,3264395,3.47660133041498
2024,"Secuestro",14,3264395,0.0042886966803956
2024,"Trata de personas",9,3264395,0.00275701929454003
2024,"Tráfico de menores",0,3264395,0
2024,"Violación",914,3264395,0.279990626134399
2024,"Violencia de género en todas sus modalidades distinta a la violencia familiar",6,3264395,0.00183801286302669
2024,"Violencia familiar",6802,3264395,2.08369391571792
2025,"Aborto",12,3299857,0.00363652121894979
2025,"Abuso de confianza",519,3299857,0.157279542719578
2025,"Abuso sexual",762,3299857,0.230919097403312
2025,"Acoso sexual",6,3299857,0.0018182606094749
2025,"Allanamiento de morada",305,3299857,0.0924282476483072
2025,"Amenazas",4717,3299857,1.42945588248218
2025,"Contra el medio ambiente",23,3299857,0.0069699990029871
2025,"Corrupción de menores",100,3299857,0.0303043434912483
2025,"Daño a la propiedad",3268,3299857,0.990345945293993
2025,"Delitos cometidos por servidores públicos",809,3299857,0.245162138844198
2025,"Despojo",1010,3299857,0.306073869261607
2025,"Electorales",102,3299857,0.0309104303610732
2025,"Evasión de presos",0,3299857,0
2025,"Extorsión",179,3299857,0.0542447748493344
2025,"Falsedad",242,3299857,0.0733365112488208
2025,"Falsificación",280,3299857,0.0848521617754951
2025,"Feminicidio",14,3299857,0.00424260808877476
2025,"Fraude",2461,3299857,0.74578989331962
2025,"Homicidio",427,3299857,0.12939954670763
2025,"Hostigamiento sexual",255,3299857,0.0772760759026831
2025,"Incesto",0,3299857,0
2025,"Incumplimiento de obligaciones de asistencia familiar",1223,3299857,0.370622120897966
2025,"Lesiones",7249,3299857,2.19676185968059
2025,"Narcomenudeo",858,3299857,0.26001126715491
2025,"Otros delitos contra el patrimonio",1315,3299857,0.398502116909915
2025,"Otros delitos contra la familia",1,3299857,0.000303043434912483
2025,"Otros delitos contra la sociedad",29,3299857,0.00878825961246199
2025,"Otros delitos del Fuero Común",7923,3299857,2.4010131348116
2025,"Otros delitos que atentan contra la libertad personal",1721,3299857,0.521537751484383
2025,"Otros delitos que atentan contra la libertad y la seguridad sexual",388,3299857,0.117580852746043
2025,"Otros delitos que atentan contra la vida y la integridad corporal",540,3299857,0.163643454852741
2025,"Rapto",3,3299857,0.000909130304737448
2025,"Robo",11860,3299857,3.59409513806204
2025,"Secuestro",6,3299857,0.0018182606094749
2025,"Trata de personas",8,3299857,0.00242434747929986
2025,"Tráfico de menores",0,3299857,0
2025,"Violación",899,3299857,0.272436047986322
2025,"Violencia de género en todas sus modalidades distinta a la violencia familiar",6,3299857,0.0018182606094749
2025,"Violencia familiar",7645,3299857,2.31676705990593
2026,"Aborto",6,3334060,0.00179960768552456
2026,"Abuso de confianza",359,3334060,0.107676526517219
2026,"Abuso sexual",487,3334060,0.146068157141743
2026,"Acoso sexual",0,3334060,0
2026,"Allanamiento de morada",245,3334060,0.0734839804922527
2026,"Amenazas",3152,3334060,0.9453939041289
2026,"Contra el medio ambiente",84,3334060,0.0251945075973438
2026,"Corrupción de menores",71,3334060,0.0212953576120406
2026,"Daño a la propiedad",2277,3334060,0.682951116656569
2026,"Delitos cometidos por servidores públicos",532,3334060,0.159565214783177
2026,"Delitos contra la administración de justicia",202,3334060,0.0605867920793267
2026,"Despojo",672,3334060,0.20155606077875
2026,"Discriminación",107,3334060,0.0320930037251879
2026,"Electorales",29,3334060,0.00869810381336869
2026,"Evasión de presos",3,3334060,0.000899803842762278
2026,"Extorsión",53,3334060,0.0158965345554669
2026,"Falsedad",166,3334060,0.0497891459661794
2026,"Falsificación",160,3334060,0.0479895382806548
2026,"Feminicidio",3,3334060,0.000899803842762278
2026,"Fraude",1648,3334060,0.494292244290745
2026,"Homicidio",235,3334060,0.0704846343497118
2026,"Hostigamiento sexual",140,3334060,0.041990845995573
2026,"Incesto",0,3334060,0
2026,"Incumplimiento de obligaciones de asistencia familiar",942,3334060,0.282538406627355
2026,"Lesiones",4766,3334060,1.42948837153501
2026,"Narcomenudeo",811,3334060,0.243246972160069
2026,"Otros delitos contra el patrimonio",302,3334060,0.090580253504736
2026,"Otros delitos contra la familia",6,3334060,0.00179960768552456
2026,"Otros delitos contra la sociedad",9,3334060,0.00269941152828683
2026,"Otros delitos del Fuero Común",880,3334060,0.263942460543601
2026,"Otros delitos que atentan contra la libertad personal",329,3334060,0.0986784880895965
2026,"Otros delitos que atentan contra la libertad y la seguridad sexual",43,3334060,0.012897188412926
2026,"Otros delitos que atentan contra la vida y la integridad corporal",238,3334060,0.071384438192474
2026,"Pornografía infantil",0,3334060,0
2026,"Privación ilegal de la libertad",473,3334060,0.141869072542186
2026,"Rapto",0,3334060,0
2026,"Retención o sustracción de menores e incapaces",111,3334060,0.0332927421822043
2026,"Robo",6552,3334060,1.96517159259281
2026,"Secuestro",3,3334060,0.000899803842762278
2026,"Suplantación y usurpación de identidad",214,3334060,0.0641860074503758
2026,"Tortura",14,3334060,0.0041990845995573
2026,"Trata de personas",1,3334060,0.000299934614254093
2026,"Tráfico de menores",0,3334060,0
2026,"Violación",533,3334060,0.159865149397431
2026,"Violación a la intimidad sexual",228,3334060,0.0683850920499331
2026,"Violencia de género en todas sus modalidades distinta a la violencia familiar",0,3334060,0
2026,"Violencia familiar",4847,3334060,1.45378307528959
